gp,data,vencedor,equipe
Austrália,2026-03-08,George Russell,Mercedes
China,2026-03-15,Kimi Antonelli,Mercedes
Japão,2026-03-22,Kimi Antonelli,Mercedes
Miami,2026-04-05,Kimi Antonelli,Mercedes
Canadá,2026-04-12,Kimi Antonelli,Mercedes
Mônaco,2026-04-26,Kimi Antonelli,Mercedes
Espanha,2026-05-10,Lewis Hamilton,Ferrari
Áustria,2026-05-24,George Russell,Mercedes
Grã-Bretanha,2026-06-07,Charles Leclerc,Ferrari
Bélgica,2026-06-21,Kimi Antonelli,Mercedes
Hungria,2026-07-26,Lando Norris,McLaren
Países Baixos,2026-08-23,,
Itália,2026-09-06,,
Azerbaijão,2026-09-13,,
Singapura,2026-09-20,,
Estados Unidos,2026-10-04,,
Cidade do México,2026-10-18,,
São Paulo,2026-11-01,,
Las Vegas,2026-11-15,,
Catar,2026-11-29,,
Abu Dhabi,2026-12-06,,